{"stats":{"minecraft:killed_by":{"minecraft:zombie":2,"minecraft:player":1},"minecraft:picked_up":{"minecraft:chicken":1,"minecraft:rotten_flesh":2,"minecraft:dirt":4},"minecraft:killed":{"minecraft:zombie":1,"minecraft:chicken":1},"minecraft:custom":{"minecraft:time_since_rest":183,"minecraft:crouch_one_cm":110,"minecraft:play_one_minute":8090,"minecraft:sprint_one_cm":15083,"minecraft:deaths":3,"minecraft:damage_taken":720,"minecraft:walk_one_cm":14274,"minecraft:sneak_time":21,"minecraft:mob_kills":1,"minecraft:drop":1,"minecraft:jump":263,"minecraft:damage_dealt":477,"minecraft:leave_game":8,"minecraft:time_since_death":0,"minecraft:player_kills":1,"minecraft:fall_one_cm":8619,"minecraft:fly_one_cm":37385,"minecraft:horse_one_cm":3995},"minecraft:used":{"minecraft:rotten_flesh":1,"minecraft:dirt":4},"minecraft:mined":{"minecraft:grass":8,"minecraft:grass_block":3,"minecraft:dirt":1},"minecraft:dropped":{"minecraft:chicken":1}},"DataVersion":2586}