{"stats":{"minecraft:mined":{"minecraft:acacia_leaves":73,"treechop:chopped_log":5,"minecraft:grass":13,"minecraft:acacia_log":8,"minecraft:grass_block":4,"minecraft:dirt":1},"minecraft:killed":{"minecraft:sheep":4,"minecraft:skeleton":1,"minecraft:zombie":1,"minecraft:chicken":1,"minecraft:cow":3},"minecraft:killed_by":{"minecraft:player":1,"duneons:zombievangruard":2,"minecraft:zombie":2},"minecraft:used":{"epicfight:iron_greatsword":1,"slashblade:slashblade":22,"carryon:entity_item":5,"minecraft:rotten_flesh":1,"minecraft:white_wool":6,"minecraft:dirt":5,"minecraft:mutton":1,"epicfight:iron_tachi":6},"minecraft:picked_up":{"minecraft:chicken":1,"minecraft:leather":2,"minecraft:acacia_log":6,"minecraft:dirt":5,"minecraft:arrow":2,"minecraft:bone":3,"minecraft:rotten_flesh":5,"mysticalworld:aubergine_seeds":1,"minecraft:beef":7,"minecraft:mutton":6,"minecraft:ender_pearl":1,"minecraft:white_wool":4},"minecraft:dropped":{"minecraft:chicken":1,"minecraft:rotten_flesh":3,"minecraft:acacia_log":6},"minecraft:custom":{"minecraft:time_since_rest":373,"minecraft:sprint_one_cm":37641,"minecraft:damage_taken":1385,"minecraft:walk_one_cm":67893,"minecraft:mob_kills":9,"minecraft:drop":3,"minecraft:damage_dealt":779,"minecraft:damage_dealt_absorbed":240,"minecraft:fly_one_cm":234414,"minecraft:player_kills":1,"minecraft:open_chest":2,"minecraft:play_one_minute":46342,"minecraft:crouch_one_cm":1752,"minecraft:deaths":6,"minecraft:sneak_time":518,"minecraft:walk_under_water_one_cm":186,"minecraft:jump":622,"minecraft:leave_game":15,"minecraft:walk_on_water_one_cm":186,"minecraft:time_since_death":267,"minecraft:fall_one_cm":16324,"minecraft:horse_one_cm":5680}},"DataVersion":2586}