{"stats":{"minecraft:picked_up":{"minecraft:dirt":2},"minecraft:killed_by":{"minecraft:player":1,"minecraft:zombie":1},"minecraft:used":{"minecraft:dirt":2},"minecraft:custom":{"minecraft:jump":101,"minecraft:leave_game":1,"minecraft:time_since_rest":741,"minecraft:damage_dealt":390,"minecraft:play_one_minute":3952,"minecraft:deaths":2,"minecraft:sprint_one_cm":2870,"minecraft:damage_taken":520,"minecraft:time_since_death":710,"minecraft:walk_one_cm":13171,"minecraft:sneak_time":7,"minecraft:mob_kills":1,"minecraft:player_kills":1,"minecraft:fall_one_cm":1254,"minecraft:fly_one_cm":6576,"minecraft:horse_one_cm":1872},"minecraft:mined":{"minecraft:grass":2,"minecraft:grass_block":2}},"DataVersion":2586}