{
  "minecraft:adventure/root": {
    "criteria": {
      "killed_something": "2024-06-19 22:44:11 +0000"
    },
    "done": true
  },
  "minecraft:adventure/kill_a_mob": {
    "criteria": {
      "minecraft:zombie": "2024-06-19 22:44:25 +0000"
    },
    "done": true
  },
  "minecraft:adventure/kill_all_mobs": {
    "criteria": {
      "minecraft:zombie": "2024-06-19 22:44:25 +0000"
    },
    "done": false
  },
  "minecraft:adventure/adventuring_time": {
    "criteria": {
      "minecraft:plains": "2024-06-19 22:42:34 +0000"
    },
    "done": false
  },
  "DataVersion": 2586
}